@NolteNC @LindaSuhler @HeatherChilders @pdoocy yeah tell us again mr. mayor how it's not terrorist. üòë	0
Six Sigma In Plain English https://t.co/LGxbtrMxV5	0
@realDonaldTrump @TarukMatuk @CNN @FoxNews @RogerRice10 refugees today. Jihadis tomorrow. Stop killing by Moslems	1
"@brianstelter CNN hdline: ""[DT] defends racial profiling in wake of bombings"" How does DT defend what he didn't say? Can we now agree bias?"	0
@Rotoworld_FB ROS which two would you keep in PPR league?: R. Jennings, Matt Jones, J. Ajayi	0
Thank you all for the following	0
@twitter  Donald Trump NOT AGAINST IMMIGRATION...4 gosh sake his wife is an immigrant..he just wants safe process 4 welcoming new immigrants	1
@TomiLahren you don't care people call you a racist because you really are a racist! Why is it a speech can move thousands and thousands of	0
#Refugeeprotesters.Wait till they blow ur ass up, then if u live,  u will have reason to protest. Get a life! @FoxNews @realDonaldTrump	1
You complain about the speed of growth of this country but also want to build a literal wall to stop people from en‚Ä¶ https://t.co/9ia7DqqgDx	1
"Is Angele Merkel and her refugee policy to blame for this?
#Ansbach #Munich #Reutlingen #Wurzburg"	1
@KristineLeahy Mr @ColinCowherd is right. You can't compare OKC fans to the best fans. Think abt @nyknicks  fans. How loyal are they??	0
@Grummz @Rockprincess818 your not innocent if you are illegal you have broken the law	1
@realDonaldTrump  Mr. President. What u said in 1987 on CNN turned into your policies 2day. I bet you never thought u would b President	0
@vanesser @trumpbigregrets @realDonaldTrump what are you talking about??? Just plain stupid...	0
"@ScottAdamsSays 
A vote against HRC Is also a vote against ABC, CBS, NBC, CNN, MSNBC, PBS, PBR, NYT, &amp; WAPO. We call that ""Leverage""."	0
Aloe Vera can help to heal scalp damages and #balancing the pH levels and thereby reducing the amount of acids on the scalp caused by sweat.	0
@CNNPolitics @VanJones68 w/ corruption uncovered, dems for violence at rallies, dead voters, illegal voters DJT correct in statement, Period	0
@JoelDFoster1 NO But useing stolen ID &amp; SS# is fraud &amp; a F3 felony u forfit all rights N this country &amp; law says F3 Illegals must B Deported	0
"CNN ""appalled"" by trump pushing off press as they continue to rip him apart and insult him ?  Do you people add ANY value to the world ?"	0
"@Uber_Support I am surprised with u letting off your driver..
No wonders Uber drivers are on a freaking out mode.. Rapes, molestation..."	0
@dawnellemurray @guardian Screw you for that is a lie.....no way will Pres Trump accept refugees in Australia that Australia won't take	1
@gunvote @YouTube According to FBI, only 2 mass shootings in 2015, not 271 as stated by left wing website attempting to redefine definition	0
@DineshDSouza is marijuana legal in Chicago, cuz dude needs 'the rest', (&amp; if it's not legal maybe it would decrease that murdering thing!)	0
"@Reuters come from immigrant family, live on border. USA - immigrants r fleeing socialist democracies. 
Gov't 2 big_ no opportunity 4 people"	1
"Just finished the best episode (so far) of #Atlanta. All the ""commercials"" on the B.A.N. and Montague's show was spot on hilarity üëåüèæüòÇ"	0
If ‚Äúback pain‚Äù is the only thing that comes to mind when you hear ‚Äúchiropractor,‚Äù then you‚Äôre in for a big... https://t.co/dr48tOIUGN	0
Please please please don't ever have Daisy Ridley be part of Star Wars. She killed it for the wrong reasons...	0
Its #worldrefugee day and my thoughts #withrefugees who had #disabilties. Great doco by @FoxNikkiFox this week-UK  https://t.co/q1Pr304MOh	1
@DonaldJTrumpJr 2015-16 terrorist attacks in Israel; 151 stabbings, 92 shootings, 43 vehicular, 148 Molotov, 15 exp. devices. Who needs guns	0
Hillary Clinton concedes presidential election to Trump: 'We must accept this result' https://t.co/DR24WBIdKV	0
"How does this not light people up? I fucking infuriates me!!

Report: 8 years of Obama vacations cost $85 million. https://t.co/4WZmUWE1Ap"	0
Patrick Ngwila elaborates on gaps and success in social protection provision in the SADC #SASPEN2016 @SASPENNEWS	0
"‚ö°Ô∏è ‚ÄúHold up, are Denmark &amp; Sweden trying to start WWIII?‚Äù

https://t.co/JV6oR2QX6m"	0
When Illegals attack US citizens to subvert our elections it's time to deport them.  This is terrorism. https://t.co/ZLClsTOCzO	1
The ACLU Has Already Filed Its First Legal Action¬†Against President Donald Trump¬† https://t.co/xndOl5fOPK	0
@AndySwan @AnnCoulter @MitraEbadolahi @somaticcoach Under BHO we had a Muslim registry, only eliminated last year.	1
@BretBaier #SpecialReport yes, I hope DT wins because this country needs to change #doj #VoteTrumpPence16	0
Ok media where is the outrage from you on Trump calling people ANIMALS on behalf of Hillary.Deplorable press on Trump side .I an an Idp.	0
@Kev_Summers I take it you haven't read the vitriol being directed on social media towards those who voted leave?	0
Allowing open boarders, sanctuary cities, &amp; refuge immigration makes no sense in an age of terrorism.Boarder security is a must for security	1
@NPR war criminals held accountable for their part in killing hundreds of thousands why aren't slave killers punished is there a difference	0
@realDonaldTrump Great job mr Trump.We have to stop that bitch from getting elected.our country can't take this any more.Obama's a Muslim .	1
#ThursdayThoughts Looks like immigrants will be voting in November. https://t.co/3Hw4BtYcra	1
If you are here legally.   Yes legally you should be allowed to stay but not legal. Yes go and come back and do it right lik	1
The man is a bigoted dictator who does not deserve the freedom to tread on our soil... #signed #MuslimBan #TrumpBan https://t.co/yeaqa6cq8I	1
#Trump #CNN #CNBC we will overlook Putin for a buck and will take away from the needy to line the pockets of the rich. Very BAD!	0
"@Europarl_EN fuck zionists and fuck ""refugees"""	1
Rely on yourself, makes things 10x better	0
@seanhannity India is not a Muslim country!	0
I'm considering Uber-ing home (to my boyfriends house bc my cat is there) because I don't want to share a car w/ him.	0
"""Hole in the Wall"" - Wildcoast, South Africa. Spectacular scenery and an amazing landscape‚Ä¶ https://t.co/s55DH7hagR"	0
@HillaryClinton Be fair. You will create 10 million jobs in China. Trump will reduce overseas jobs by 3 million.	0
@WayneDupreeShow @WashingtonDCTea @spreaker @DC You have definitely got the 'Dog' part right. More like  an X - Rated 'Creep' show.	0
"@BlissTabitha having an opinion about anything makes you a racist, bigot and all other ""ism's and ""phobe's if the left doesn't agree with u"	0
@TyChown33 'We strong TC'	0
@andersonDrLJA #CNN will give #HillaryClinton a pass on the black face	0
GOP figures disgusted by Trump urging Russian cyberattack https://t.co/oGpstOQgC0 via @HuffPostPol	0
@Starbucks @ScottBaio @Starbucksnews I just deleted my Starbucks app.	0
.@Ravens WR Steve Smith is a punk! #ShortManSyndrome #WayOverrated	0
@vinaytion point to the section of the Constitution that says we have to accept refugees. If you can't, stop agitating and lying	1
@CassandraRules I just try to remind people this isn't the first white president..and yes the wall has been there for years/ patrol	1
Budget 2017: USC rates cut, social welfare up by ‚Ç¨5 per week and package for first-time buyers https://t.co/tFyuE073aB	0
@WayneDupreeShow @skyjones55928 I wouldn't mind @Mike Huckabee either.	0
@realDonaldTrump voters r worried about Isis job borders economy not taxes don't take bait ignore topic stay on issues no defensive talk	1
@usmaniqaiser @1DAYIWILLSHINE @asadowaisi @anjanaomkashyap if a child born as muslim then why there is a need for circumsicion ..	0
@jlico24 I believe it's the time of year where white males are left stranded and lonely, a closer definition on what @alex_julio23 was sayin	0
@JebBush I am disgusted, one candidate received the most votes.  The citizens will remember and what goes around comes around!	0
Pj Fleck is a good coach but is also a lunatic who is a kind of a dick. Watch him run this up in the second half	0
@USATODAY Dam maintenance was put on the back burner for illegal alien safe spaces &amp; gender neutral bathrooms #GrabYourWallet #GRAMMYs	1
"Well 
Oiled
Machine
@Patriots 
#NFLPlayoffs"	0
"Ted Cruz: ""I am not in the habit of supporting people who attack my wife and attack my father."" https://t.co/OLKPsG11fb via @CNN"	0
MAJOR WARNING!!! Ex Muslim Warns all Americans. TAKE A STAND NOW!!! https://t.co/vXwHhjs9Bq	0
Block quotes are such an amazing thing	0
"Poll: Hillary Clinton's Lead Shrinking in Michigan:  https://t.co/Gsp4rKn1ey
#ImWithHer #CNN #Truth #Hannity #FoxNews #MAGA #Vote #USA"	0
"Save the children of Gbaramatu.
There only crime is to be indigenes.
#GenocideInGbaramatu
#DeltaStateGovt 
#SaveTheChidren
No foodwater"	0
Oboma wants to make this country defenseless so his Muslim brotherhood take over save us trump	1
dis you say Ellis emm ayy oh or luh-maow https://t.co/rds3038ItL	0
@paulkrugman Trump did this deal before stepping into office. How many jobs did Obama save before he was POTUS?	0
My greatest fear is that Lynch believes that. I think her greatest fear is FBI advises to indict @HillaryClinton https://t.co/wZdrm4b4Dz	0
For all peeing wildpinklers who bring down churches, we pray. https://t.co/Fy7SIYt0Cq @UnvirtuousAbbey	0
@realDonaldTrump Please make sure an executive order is legal and constitutional before deciding to keep Obama orders.	0
Havoc on NewLands, why only a yellow now?	0
@TeaPartyNevada @Skarlet_Plume Time to lock the borders to illegal immigrants!!	1
@FOX29philly build the wall	0
Too many legal guns owned by very unstable (extremist) people. It's not immigrant vs. Americans. It's extremists! #mentalhealth #guncontrol	1
Karla Ortiz illegal parents say @HillaryClinton can count on their vote in November üò≥üò≥ #DemsInPhilly	1
@Fusion @realDonaldTrump REALLY- California's lack of influence on our nation was proven in the last election.  CALIFORNIA -GET A LIFE!	0
"@foxandfriends @kilmeade 
my daughter 2011. Difficult preg whole SR yr, birthed 10lb110z son, Grad w/honors. My Hero https://t.co/ontmu5leqk"	0
Douglas Murray a complicated issue of Muslim and migrants in europe https://t.co/fCIRpz5tBP	1
.@CAinc empowers voters with data-driven polling. Download the CNN Politics App this #ElectionDay to follow live:‚Ä¶ https://t.co/hnMRTpj9tT	0
I'll be weighing in on the @Intellisys_LLC project tonight. Breaking ground with a digital asset based PE fund. Joi‚Ä¶ https://t.co/Bohb74v7Z5	0
The two-day Fed meeting kicks off on January 31 and ends on February 1. The monetary policy statement will be delivered at 2:00 p.m. ET on W	0
Banning guns won't stop criminals who already have illegal guns.	0
@GinaCarverhall @Joseph8654 @FAIRImmigration no my breasts are REAL don't hate...lmao	1
At least 60 dead, 100 hurt in truck attack on Nice Bastille Day crowd https://t.co/6sT0zBRzsl MUST CLOSE BORDERS.STOP RADICAL MUSLIMS NOW!!	1
@LifeisGreat_45 @andersonDrLJA @369news @marklevinshow did hour long special on him on @CRTV	0
"@realDonaldTrump  The constitution Hitlary  ""for wall street by wall street"" "" For corruption by corruption"" For the money by the money"	0
@NLong72 @WOWK13News he doesn't want Muslims invading and changing America with terror.Wants people to enter the USA legally. Not xenophobic	1
@getsmarter After all the stress today Module 6 is in. #Ansoff caught me a litte off guard. #6down2togo #FBM201609 #Happy #NeedSleep	0
22 Push-ups everyday for 22 days for awareness of Veteran Suicide in‚Ä¶ https://t.co/Txw0lvi04Z	0
@mbrant4 country has checks and balances.  These executive orders and appeals happen in every presidency.  We are all on the same team	0
ILLEGAL ALIENS BEING PAID $50k / YEAR by OBAMA https://t.co/851AkW5P6T via @realDennisLynch	1
2014 article about #Egypt by current VP nominee Tim Kaine. Very reasonable take on current affairs, I have to say https://t.co/GmDcxhfwZo	0
"Putin calls off visit to France amid Western outcry over Aleppo attacks
 https://t.co/2dMbSHQD1J by #ADelgersaikhan via @c0nvey"	0
@AdamSchein from your fingers to god's ears #HTTR	0
@KatiePavlich this is why I have to vote for @realDonaldTrump #IRS #Holder #Lynch #Obama #fastandfurious #solyndra #emails #Iran #clinton	0
@Sartre10 Who supports racial cleansing anyway? The KKK? I've never read one article on Brietbart that would even suggest that.	1
@TrumpWinner_16 Hey all u illegals who walk off ur job pack ur bags n keep walking American citizens need the jobs so just keep walking home	1
"#gps_tracker 

Motor vahan Manufacturer and Exporters of GPS Vehicle Tracking System offered by Motor vahan Delhi... https://t.co/9KbeTTwogo"	0
@CNNPolitics Trump won.	0
@realDonaldTrump Nice job saving jobs with Carrier. Now save hundreds of thousands of American IT jobs by eliminating foreigners on H1 Visa	1
This whole Muslim against Christian, or Christian against Muslim thing isn't anything new...	1
@realDonaldTrump build the wall	1
"YES, we r a nation of immigrants, LEGAL IMMIGRANTS! Funny how ""legal"" part gets left off by the propagandists. MSM, PROGRESSIVES, GLOBALISTS"	1
@SkyWilliams ...to compete for jobs. All of these reasons combine for why illegal inmigration is a bad thing we should work to stop.	1
Will we stand by and let bigotry divide us? #NoBanNoWall #MuslimBan Find a #MuslimBanprotest &amp; join! https://t.co/eBxsEWzXKj	1
@itvnews @NHAparty fear doom gloom fear doom gloom fear doom gloom fear doom gloom fear doom gloom fear doom gloom fear doom gloom fear doom	0
Trey Gowdy Shreds Up Obamas Executive Orders In Front Of Everyone https://t.co/9HFBOXtp5E via @YouTube	0
@K1erry This is funny!!! üòÇüòÇAnd so true.	0
Islington heights! Situated on a premium 60 foot lot, custom built 2 storey 4 bedroom, .. https://t.co/2yPpLSTP5O https://t.co/DZZ7n8GwTm	0
"make a Statement w/ #ClothesThatCommunicate #NotMyPresident
#Trump #PayAttention UseCode: #MentalRent &amp;save 15% https://t.co/MqIyyKuLup"	0
100,000 fucking grand https://t.co/aAfXeaTohF	0
@EvilEsq technically, are not ALL non muslim Americans on the ISIS kill list?	1
@knowhowtohelp it is CUR1740261435. The overall service has been far from acceptable and will be taking legal action for compensation	0
"@JustinTrudeau 
Pierre Trudeau was very helpful to East Africans in time of turmoil
Stay on course like your father you will make history"	0
@staceynorman Please please please please play Westlife Swear it again! It was such a great sing and still loved by all please	0
"Gratitude helps you to grow and expand. It brings joy and laughter into your lives
and into the lives of all those around you.-Eileen Caddy"	0
"TMC goons in kolkata follows kashmir &amp; started Stone¬†Pelting on @BJP4Bengal  Headquarters 
#TMCTerrorInWB https://t.co/RXwCpJYER6"	0
@FoxNews @MichelleBrane that is not true, Obama funded jobs in high unemployment so they would take them	0
Today@5pmEST @660WORL - #bombing in #NYC and #NJ, fading #DEM hopes, and #LIFA - and visit us at https://t.co/GcWQeBXDSs for more...	0
@realDonaldTrump 2 year window time is ticking don't get distracted by media. focus on your agenda. praying for you	0
@Reuters Illegal immigration must stop.	1
@realDonaldTrump Abrogate trade deals...list goes on piracy, techonology theft, etc.	0
"@datrumpnation1 @SabaRMC Boy on left: ""Awww, what a cute wittle Muslim woman saying silly things about Trump."""	0
"@JaclynGlenn Hey Jaclyn, can you do a response vid to ""youtuber curses islam gets arrested"" by KUKU? (A moderate muslim defending Islam) X"	0
#ImWithHerNow because I too desire mass rapes and massacres by Muslim migrants who hate us. https://t.co/bYKsac8LQX	1
@Madonna  U.S. Secret Service can take your #Terrorist inciting ass to jail.  Guantanamo has openings, lock your hate filled kind away. #CNN	0
@FatherCavanagh build that damn wall	1
@zerohedge Merkel - importing terrorists and rapists to a town like yours soon.	1
My article on Lebanon's economy, published in Alhayat newspaper 10yrs ago.Things never change &amp; relevance never goes‚Ä¶https://t.co/kg0kQ177lC	0
@mottsmith Maybe Measure S so horrible that League of Cities won't block Gov's attempt to pre-empt developer-extortion laws? Upside!	0
#senmikelee republicans have lost 2x to Obama who ruin usa, but u want to stand on ceremony for a few words.shame on u. GO TRUMP	0
Friday December 16 had a festive air at the Africare House in Washington DC, as Therapeutic Inc. hosted event. https://t.co/vMU6dSupt9	0
@shl @KevinBr4144 @realDonaldTrump bend over and I'll show you	0
OKTFP 3    Lady  0 [Bottom 2nd] [1 Out] [0 balls] [0 strikes] ... No one on [P: #84 Meadow Million] [B: Kayli Harris]	0
@Jrockcalgary @spark_show @CTVCalgary the legal system is there, but Wenzel's initial actions were super sketchy.	0
The Bitcoin Startup Sector is Coming Alive, Here‚Äôs How to Come on Board https://t.co/ylEoz6TWTF	0
"We need stronger immigration policies #WallUp #Clarify #Election2016
https://t.co/IuWaRmkH46"	1
"@OfficialWLRoss Please cut gov red tape! I'm trying to build $12MM mfg facility in OH and Army Corps just asked for""cultural review""of land"	0
Please please please please please please pleaseeeeeeee #haleb https://t.co/tnKb94ARf3	0
@SheDidTheDrew_ either way they should not be here. As you stated before, we can't even take care of many of our own citizens.	1
@ABC  in 2011 Obama banned Syrian refugees including Christians whom had helped our military.  Media said nothing!	1
US immigration a history of waves and lulls, long periods with very little immigration bound us together as one nat‚Ä¶ https://t.co/18lv5FmbJ4	1
Amazing how @HillaryClinton uses old tactics..thinking is similar too @cnn @MSNBC #CNN @andersoncooper @jaketapper‚Ä¶ https://t.co/txt6iX8upT	0
üö®üöîThot patrol on its way to apprehend all thots!üöîüö® https://t.co/gmZJ48aVln	0
PUTIN ON ISIS TERROR, ‚ÄúI Swear if they Bomb Russia, in Half an Hour Every Muslim Will Die‚Äù https://t.co/Uql37n3TAy	0
You're slightly uncertain about your next move, even if there ... More for Cancer https://t.co/wab6cxi1W0	0
No Police need to give The Black Lives Matter protesters any protection,  let them protect themselves !	0
"""The greatest enemy to your success is your excuse."" @AnthonyONeal"	0
‚ÄúDear Democrats, Read This If You Do Not Understand Why Trump Won‚Äù by @trentlapinski https://t.co/wqOWEr5gde	0
@Lrihendry Boss? He didn't build that. Somebody else made that happen. #Libtards	0
"@GovAbbott THANK YOU! No one has a right to declare any city a ""Sanctuary City"" w/o a vote of its citizens. @POTUS Today in Trump's America"	1
@GibsonRadio John you must really like this girl	0
Illegal narcotics aren't very kawaii	0
@POTUS @DonaldJTrumpJr @EricTrump USA should stop allowing drug companies to advertise to citizens. Fake news will go out of business.	0
@eeynouf It's why I want the refugee ban.	1
@cbcsports Thanks for the live stream of World Short Course swim champs. @b_maclean is doing a great job on colour.	0
@realDonaldTrump don't forget about service jobs too. Call centers, support, data entry jobs have been outsourced. Bring those jobs back	0
@DundasDeclan @BasedGodSloany build the wall between your tweets and my notifications	1
@TrozkiUrrea49 I'm white... and an immigrant. Not all immigrants are people of color.	1
@dailyword4you torcher now that's legal and encouraged by the city of Bartow. Practices on a everyday protical treat Karen Beaire to terror#	0
@SenateDems You allow diseased moslems and illegal Mexicans to kill Americans. Get your priorities straight, you communist-democrat fools.	1
"#MAGA #CNN @CNN is still at it! ""News"" is the $1.5M per YEAR to protect Trump. NEVeR mentioned Millions per WEEK on Obama vacations."	0
@KETV disgusting....And sorry to hear about the assault too	0
‚ù§Ô∏èüëë‚ù§Ô∏è#GREATDINNER #LOVEUALL#MYTEAM‚ù§Ô∏èüëë‚ù§Ô∏è @ Paris, France https://t.co/7N3EnCnPEx	0
Syrian army takes over Aleppo areas quit by rebels: military source https://t.co/DmtoaVvpuu by #Reuters via @c0nvey	0
@HeatwaveDesigns @KEEMSTAR its not fraud they were advertising there site/business which is not illegal	0
Walmart adding 10,000 U.S. jobs https://t.co/W477UOfnqx via @CNNMoney	0
"@DEFCONWS - A False Flag attack on US power grid blamed on Russia. Any means to prevent electing #Trump.
#MAGA #AmericaFirst #TrumpPence16"	0
And our government wants to allow more Muslims and illegals into our country. No more lives lost! @realDonaldTrump #Orlando #Pulse	1
"#JOHNMcCAIN  WITHDRAWING SUPPORT OF TRUMP  McCain https://t.co/xe8Xad1qf6
Because McCain supports  coruption I withdraw support of McCain.."	0
@GOP @POTUS nope and neither should you.  I am a conservative and appalled by @realDonaldTrump's ineptitude in all phases so far.	0
Please read and understand this article https://t.co/8YjPZngeuJ	0
@Libertarian896 @Reuters Yay for President Trump!  Which one or two or 10 of the refugees is harmless??  We do not‚Ä¶ https://t.co/g2DXY1mTkk	1
Americans were bypassed on voting GAY marriage by California court then Obama  special report &amp; covert liberal Supreme court overturned it!	0
@Jess_emarshall his buddies were there I didn't see them jump in	0
@ericbolling pls read &amp; review my tweets 2 @seanhannity listed under #10PointWall&amp;ImmiPlan &amp; benefits of strategy Can u support &amp;promote it?	1
@Lrihendry nobody seems to talk of all the new infections diseases coming into our Country!  We are finding more outbreaks.	0
@chicksonright PE Trump is like a caged tiger. Sitting &amp; waiting quietly for the chance to spring. Don't be fooled by his low key approach.	0
Today@5pmnEST: @BarackObama #war in #America; #Dallasshooting; #ComeyNonTestimony @GrantMaloy and @KillerBee1B - streaming live @660WORL	0
A country introduces credit card in 2016 &amp; we have certain #economies  wholly dependent on them #Iran #CreditCards #EconomicLag #Banks	0
"9-year-old daughter on a suicide bombing mission. But judges of 9th Circuit are safe

""SEE YOU IN COURT"" #MuslimBan https://t.co/EylSgKm7tf"	1
"""At press time @AngelList engineers were checking *every* last DB column for unicode 9.0 support given @rrhoover an‚Ä¶ https://t.co/eDJ5fc6PWN"	0
Why @UN @amnesty_de @UNHumanRights @hrw is silent Pakistan army and isi is doing these things https://t.co/Qp16iwiuX1	0
The Unborn Victims of Violence Act of 2004 (Public Law 108-212) is a United States law which recognizes a child... https://t.co/hy4nmjhcd2	0
@TheRealCapnAndy @VickieGuerrero I'm sure she is here legally so nothing to worry about. Trump doesn't deport Americans	1
"I'm just a traveler on this earth
Sure as my heart's behind the pocket of my shirt, I'll just keep rolling till I'm in the dirt üé∂"	0
Follow our Facebook page for up to date job listings! https://t.co/kmir5nduI1 https://t.co/qylmHdtxC1	0
"""Strawberries, Grapes, and Oranges Oh My!"" #nunationdecor https://t.co/C12Crpl3zO"	0
"Namaste Technologies Just Proved All it Needed to Prove - an article by SCN (N:cse) 

#vaporizors #vapetechnology... https://t.co/dnIufmz8Sg"	0
@JeremyMcLellan also the immigrant who came hear legally, built this country they did big come in with an agenda of death, rape, murder.	1
@FlinnShady @mattmfm  WH issued a stmt Mon afternoon.	0
Watchout! I'm bordering on switching from not liking you to hating you #pussyhats #protesters #fakenews #schumer #starbucks	0
Just in: As Gawker auction unfolds, LittleThings submits a bid to purchase Jezebel for $10 million. https://t.co/lyPA9Gemsq	0
Encourage people to read the Dissent Letter signed by ~1000 from @StateDept opposed to @realDonaldTrump's Muslim ban https://t.co/8OmtTRnFIJ	1
7th block PE Ms.Harrover anyone??	0
@dominucco this shit will be the death if the current big players. Not enough focus on product/profit, too much on virtue signalling	0
Attorney General Lynch &amp; FBI Director Comey have both loss the faith of millions of US citizens. #TakeResponsibility #HorribleLeadership	0
I long for the Trump meme w/6-shooters blasting Nuke Codes everywhere! WTF? @realDonaldTrump @SebGorka #Trump #MAGA #RedNationRising #tcot	0
More vigorous focus keeping terrorists off American soil securing borders &amp; better defenses against #cyberthreats https://t.co/sRp2o6NXsL	1
Martin Shkreli meets his match in group of Australian schoolboys who recreated... https://t.co/4VX7G71toZ by #CNN via @c0nvey	0
@BuzzFeedNews @BuzzFeed whoa! One in private rather than before 10,000 people.Both are bad, but JayZ makes a living off of profane language!	0
@LouDobbs @POTUS @realDonaldTrump I support  President Trump for the alt right can be equally as dangerous as the alt left to my welfare	0
"@realDonaldTrump Please cut gov red tape! I'm trying to build $12MM mfg facility in OH and Army Corps just asked for""cultural review""of land"	0
Trump is taking hair loss drug, doctor says - CNN This is the headline for CNN news?  Cartoon news network? https://t.co/dtnhkw2d9G	0
@realDonaldTrump When you build tat wall put a tollbooth in for all those cars that will be coming until #Ford moves back to the #USA	1
Take Action:Demand Congress Seal The Mexican Border With A Wall!  https://t.co/DZTJuFrMWn	1
CNN apologizes to Julian Assange after former CIA Dep. Dir calls him ‚Äòa pedophile‚Äô https://t.co/8Ny5cKmrbp by #MrEdTrain via @c0nvey	0
@po51yos @AbbsWinston they're 'accepted' as terrorists by states who are terrorists themselves	0
"Anti-trump protestor: ""we will not accept hate, crime, or violence"" 

*as they pepper spray Trump supporters and throw bricks at windows*"	0
Nebraska went red during the election, and now, it has more refugees per capita than any other state. https://t.co/nBbACmQRHy	1
@powellcj12 TBF Cruz &gt; Sanders at actual debate IMO. Using those Princeton debate team skillz.	0
@charliesheen ur an idiot i thought u and ur dumbass dad was leavin! Take ur aids with ya and ur other diseases as well u may be next !	0
@realDonaldTrump you mean the the enthusiastic people yelling 'niggers', and bad talking Muslims and Mexicans? Oh it's covered properly	1
@VerizonSupport faulty 1x8 coax splitter had 12db loss per https://t.co/pG5QBWMEc9 replaced w 2 - 1x4 splitters w 3.5 db loss per output.	0
@mattoswaltva mcfly's brother must be Mexico after we build the wall	1
@marklevinshow Hoped to hear you talk about Hillary email leaks yet you're STILL blabbering on about Trump. Sad!	0
@WayneDupreeShow @CNN @realDonaldTrump This was AWESOME!! Love that #ourpresident has a backbone and takes no BS!	0
"@shadihamid book 2) 
No God but One: Allah or Jesus?: A Former Muslim Investigates the Evidence...... https://t.co/hc6ElkYNMp @NAQureshi"	0
@SenSchumer How does the new SCOTUS nominee stand on Citizens United?	0
@CNN there are a ton of out of work vets please hire 1 to read ur articles. You get an ICM for deploying to Iraq. N‚Ä¶ https://t.co/nmGJxsaUw2	0
@cammiecroft @guardian if you want to help go to Syria. We have no responsibility to take in refugees when some would happily kill us	1
While husband was at work I went &amp; got #starbucks &amp; some goodies from #vspink @VSPINK @VictoriasSecret @Starbucks https://t.co/fBXOZMcwbx	0
Thousands of soldiers on streets of Paris, with almost permanent presence at Louvre. I cycle past patrols there every morning	0
@DavidCornDC  Defacto, Trump/Republicans/NRA enable Terrorists to acquire weapons by resisting background checks at Gun Shows.  Just Saying	0
@fouseyTUBE Except in muslim countries, where gay people get stoned, tortured and thrown off buildings	0
@realDonaldTrump @oreillyfactor @FoxNews ummmm... we're waiting for you here too...#TrumpRallyWestfieldIndiana ...	0
@Carolde @hillarycoughing @WayneDupreeShow @JasonTotin @TrumpDynastyUSA and be replaced by who? executive action Obama?	0
Jerry Brown must be part of a cartel to take away guns from citizens and flood the U.S. with illegals.	1
"Approx. 10,000 sq ft City Water lot in #NorthPort  - $12,000.
https://t.co/uqzCAs8sYB 
#SteveAndKatrina w/Gulf... https://t.co/bR6sh5W6Bo"	0
@foxandfriends @CarleyShimkus Did he just say pay your taxes? Now isn't that a change. Sad	0
I know lots of gun owners and I've never heard any of them say they support more laws #GunVote #MAGA #GunsSaveLives https://t.co/bBAt0CMbo3	0
@drmoore @ERLC thanks Dr. Moore.  Anything on foster care/orphan care reform?	0
"Like &amp; share üíúüíöüíóüíôüíõ
For More :) :) https://t.co/IvHecgHX8W"	0
@williamsonkev @Independent you reckon if we did this and called 999 we would also we let off....answers on a postcard!!!!!	0
@realDonaldTrump great jab to say you would jail Hillary for her illegal actions!	0
@neo_pac @anandibenpatel Won't tolerate attacks on dalits, says Rajnath - https://t.co/6yZmuPV2kx	0
@realDonaldTrump on the states is you who is fucking things up by doing all this bullshit executive orders without reading any of them moron	0
Breaking: Beijing says iPhone 6 and iPhone 6 Plus infringe on Chinese patent, orders sales... https://t.co/tbV3PDuYBw via @OMillionaires	0
"@kykis9 @arobjr1 @Blerd_Man
Obama was groomed for power by communist white men. Bill Ayers also a terrorist. Not inspiring at all."	0
@GreggDrewandJim 1) I agree with u guys 2) u can start a fight, not get charged with anything, n still get suspended from school for fightin	0
"'Voter fraud'? California man finds dozens of ballots stacked outside home #riggedelection #trump #tcot #gop 
https://t.co/OOHRchA00u"	0
@MikeCallABruh bruh ISIS has literally said they have Syrian passport making machines and are gonna use them to smuggle in terrorists	1
So glad I'm dropping another couple of hundred dollars on my car this morning after spending over $800 last week on parts. üòëüòëüòë	0
@YoungDems4Trump @CNN well well well CNN said something real for a change	0
Top Democrats Voted For The Border Wall Trump Is Building https://t.co/GgSc7Nn1eT via @dailycaller #democrathypocrisy	1
@Bella__Ace black man that was shot by another black man had a gun and refused to obey the officers orders posing a threat to the officers	0
@doowmas of course there's more we can do as citizens to help and supports our veterans here at home	1
All this stuff about black lives vs blue lives needs to stop, all lives matter and anyone who says different is messed up.	1
#TGOD #TGOD #TGOD #TGOD #TGOD TGOD #TGOD #TGOD #TGOD #TGOD #TGOD #TGOD #TGOD #TGOD #TGOD #TGOD „ÄΩÔ∏è„ÄΩÔ∏è„ÄΩÔ∏è„ÄΩÔ∏è„ÄΩÔ∏è„ÄΩÔ∏è„ÄΩÔ∏è‚ùóÔ∏è‚ùóÔ∏èüíØüíØ https://t.co/RJO2rgOJTY	0
Life is full of difficult decisions, especially when it comes to having people in your life, so keep the ones that care about you close.	0
FG, ASUU disagree on ‚Äòearned allowance‚Äô as warning strike ends today https://t.co/fXimEjONU4 via @todayng https://t.co/56Svz7SB3U	0
"Te amo hija, pasando un tiempo con mi princesa!
I love you nena, sharing a good time with my amazing daughter !"	0
‚ÄòWorthless Christians‚Äô Treated ‚ÄòLike Animals‚Äô: Muslim Persecution of Christians: April 2016 https://t.co/9FDCManrWf via @creepingsharia	0
@RalstonReports CNN polls shoes indies &gt;20ppt margin for Trump https://t.co/g2mnYDLQoU	0
The problem with this A50 judgment is not judges enforcing the constitution. It is the way this judgment is premised on a legal fiction.	0
Vice President of South Sudan Addresses General Assembly https://t.co/DR2EJYfLfU	0
@BillBill7542 just say your a Muslim migrant isis sympathiser and you'll get priority care	1
I think that the people needs to hear the truth about Senator Chuck Schumer. He himself said back 2015 that they should Ban Muslim	0
"FLASHBACK : Mitt Romney Advocates Permanent Amnesty for Illegals on Univision https://t.co/IbFADnCTyq
#2 headedSnakeHe worked 2 defeat Trump"	1
You can't cheat the game of football. That's why it is the greatest game. Exposes character and demands accountability.	0
What November's election could mean for SCOTUS, gun rights | https://t.co/SdaIkMWsUU	0
1997 jep cherikey in gr8 condution misin a fuw unimportunt tings (theyel buf rite out) cums wit spar tyre $100,000‚Ä¶ https://t.co/TQmfNVZhGy	0
At Lunch on Day 4, Sri Lanka with a lead of 85 runs. Kaushal Silva on 35* with Angelo Mathews 4*. SL 109/4 #SLvAUS https://t.co/46fRl2qC5q	0
Actually that just means we have a lot more stupid people we are letting into this country #thanksobama  https://t.co/vlcNw0bxGQ	1
@CNN Please stay on topic.....I do not care about words. Actions mean something. I want action to take care of all people of this nation.	0
@Know melt baby melt....If California sinks, we get rid of 93% shitty California's Californians..And 39.3% of America's illegal shit bags	1
@realDonaldTrump STOP! Who cares about Miss so &amp; so! Don't respond! Focus on issues; jobs, leadership; international relations...	0
"Seen some visuals on TV on people on wheel chair in queue at banks

It is a poor reflection on our civic sense not Gov Demonitization policy"	0
.@FEC @EllenLWeintraub @AnnMRavel watch @JamesOKeefeIII video showing @HillaryClinton accepting illegal $$.  Refer to @TheJusticeDept!	0
This weatherüòçüçÇüôàüéÉ	0
@harrys please don't advertise on Breitbart! Please please please don't.	0
Talk shit get hit bitch. üòé	0
There's one wall that stands between you and success.  It's called the wall of fear and failure.  Get over it!	0
"@OutFrontCNN @RepChuck So when Obama said ""they bring a knife we bring a gun"",  CNN said what?????  Oh crickets that's right."	0
@NicolaLucas @EmilyVanCamp well it's not a Muslim ban.	1
@realDonaldTrump  Trump you need to really hammer home this muslim inflow,especially Hillary wanting 500% more muslims in America.	1
@NovaLoaf he cant pass laws on his own and deport non-us citizens who illegally overstay visa. If you are here illegally YOU SHOULDNT BE HRR	1
@leftytgirl probably. This whole thing has lefties so confused; a Muslim attacking Latino LGBTs. Who you gonna blame? Middle class whites?	1
@TarekFatah @JustinTrudeau we call on JT to tell the truth: Muslims killing Muslims AK47's? How? This will be used to SUPPRESS FREE SPEECH	1
@frLarousse2 Thanks for the retweet &amp; for all your great work!	0
@JeffCarnage It wont stop the US walking into muslim countries and killing innocent people. Upside down world.	1
"@realDonaldTrump 
Panama City rally best yet!! Mr Trump...you are our voice!! I'm sick of Washington politicians! Our country needs you."	0
Little Gloria was on Petal Patrol on Saturday, but she needed a few things to prepare for her‚Ä¶ https://t.co/Ap0qc0Nf3W	0
@Kbadcock12 @TrumpusMaximus @htdpz @cindylou88881 @michm4222 @CashBama What difference at this point does it make! There I plagiarized too.	0
@gogreen18  Yep. Now let's start by getting rid of social justice persecution and focus on building ourselves first, and helping others.	0
A muslim just killed 60 people in France by running them over with a truck on f--king #BastilleDay, why am I not surprised?	0
@HillaryClinton   Muslim refugees are terrorizing all of Europe by stealing,burning and gangraping women by the thousands. Its coming here	1
First among the materials required by the statesman is population... what should be the number and character of the citizens. #Aristotle	0
@SenateMajLdr Did you mention how you fully support the Muslim Ban?  95% of Jordan's people are Muslim. #hypocrite	1
@CarolCNN Yes Alicia deserves this. She's got troubles of her own. Be tough on Hillary's people to.No wonder Fox beats CNN in ratings.	0
@Spencer713Zied Zied. He hasn't played a single snap yet. Why are you hating so badly i don't understand	0
We cannot stand idly by as Islamic extremists continue to pose a threat to our national security! #ISIS #Terrorism https://t.co/I9vUrOpxmg	1
@TPTidbits @JoeDouglas1 @xychelsea @codepink and the illegals that work don't pay taxes.... because they are illegal and here illegally.	1
"@CoryBooker The ""7 nations in Trumps Muslim ban"" as you so cleverly put it were all recommended by Obama Admin. The Obama Muslim ban then?"	1
#Prayers4Nice  #NiceFrance Innocent Lives Taken July 14, 84 killed,10 of children, 202 injured, 50+ may not survive https://t.co/c8J7acsqDf	0
Mainstream media is biased, so we should rely on alt right anarchists posing as libertarians for fake news instead. Makes sense.	0
@maryannemercog Ellis Island	1
@scottrandallj Hey man. Pretty sure we were buddies way back in Merced. Yes?	0
The Hypocrisy of Progressives and Refugee Placement https://t.co/vusm6yyJBg	1
"#Ballers RT""@SportsCenter: Before they coached, they played. Most of them. On some level. At least in practice. https://t.co/rTKswm4IJy"""	0
Medecins Sans Frontieres (MSF - Doctors Without Borders) rescues about 104 refugees off the coast of Lbya. https://t.co/KX9gqgbx6G	1
My special self would step on this and die https://t.co/0psFpVzyGF	0
First @SeedConsultants agronomy meeting today in Ottawa, Ohio. https://t.co/MJYkPLzGQm	0
@GiGiHadid not funny, not witty, not #American, just plain #deplorable. Made a #fool of herself on national TV!  #Shame on @AMAs!	0
@beercanpolitics @SenSchumer Communist-democrats as Schumer care about their wallet, not Americans. Schumer and Obama kill Americans daily.	0
@rachelmaddow what about the witness that stated that the two Muslim congressmen were a part of the Muslim Brotherhood?	1
@TMZ moronic premise.. rational people see her as an attractive white young woman!	0
Ridiculous story.  Disgusting.  All this build on a LIE.  Police brutality? How about personal accountability.  #Thugs #Realsports	0
Great read on the founding and current state of affairs @Twilio.  If you don't know about them, you should.   I have‚Ä¶https://t.co/rUUlqTp9TY	0
UK Confirms It Took Part in Airstrike in Deir ez-Zor When Syrian Army Was Bombed https://t.co/riURkZ5OJ5	0
SPLC, allies file lawsuit over Louisiana's broken public defender system  - Southern Poverty Law Center https://t.co/paJVIePRZT	0
"@ericaminnihan Woman Angel wanted 
Exec Sum: https://t.co/l3kIotRKER
Gust Inves Rel: https://t.co/FRPuTTJT9F 
Team: https://t.co/ZBc3fRUUAZ"	0
@Paranormal718 @Nash1sh Yer you said it best. We're in the buy a body era. Idc. More for regular dudes like me lol	0
@WCCO's highlight before the 10pm news was on Philandro's funeral. Come on media, prioritize your news... #PrayForNice	0
BEYOND EVIL! #CNN  assassinating Trump could keep Obama in power!  https://t.co/fqS0k3328L #Trump45... by #DrMartyFox via @c0nvey	0
Criminal President Obama Encourages Illegal Aliens to Vote ‚Äì Promises No Repercussions (VIDEO) https://t.co/rQ9iysviwO Impeach him now!!	1
@jaketapper wonder if obama is regretting relying on exec orders and laying down the groundwork for trump to follow unchecked?	1
@realDonaldTrump pls listen, you can offer women 6 mos off with a new child by letting them borrow against future social security. Critical!	0
@_JenWhite_ @WhitestRabbit_ I'm waiting for the celebrities who said they were going to leave self deport before I‚Ä¶ https://t.co/LkCi94RqwY	0
"""Copy, paste this to your wall (fb).. Blah.. Blah.. Blah.. So that you will blah.. Blah.."" ENOUGH! Pls. Samok. Lamlam. üò°"	0
Not grt tri bike riding day when, forget repair kit, jettison bottles exiting parking lot, realize front end not on centre &amp; no multi tool	0
"New post added at American Patriot Radio - ""Refugees, Perverts, Clinton and Trump, oh my!"" https://t.co/xqC4vAT6qI"	1
@itsJulieBowen - Disgusting cowards pick on 10 year old children. Haters R going 2 Hate. - Karma for all that is dear to U. #MFsucks #CNN	0
"Suffolk OTB has applied for a permit to build a casino at the Islandia Marriott hotel 
https://t.co/qXHrup8Bq8"	0
@JudgeJeanine tell Trump allow noncriminal illegals 90day 2register 4temp #specialclassgreencard plead2 conviction$5k fine=NotAmnestyRestOut	1
If Tebow got a job I can probably find somebody to hire me at the career fair too	0
"@brother_robbins Go read your terrorist prevention act 2015, https://t.co/wblupltGSx
Obama also banned Iraqis in 2011"	1
@baileytaytay1 @Yugh_Akston @FemsHaveBallz 9/11, Orlando, San Bernardino, Boston Bombing, and Paris. All Muslims, you can't stray from facts	1
Texas Alerts on ISIS Terrorists and Terrorist Wannabes Breaching Borders https://t.co/OHUpBcwcwV via @pamelageller.com #ISIS	1
Hey Left- Canada's calling! Let us protect ourselves by stronger borders, free speech, freedom to worship, and enforcing laws of the land!	1
"Do you have a Legal Question?
Regardless of your legal situation, we are here to help you. Our entire legal team... https://t.co/lnQu00qJR2"	0
Obama spends tax $$$ to fly here Jax FL for wedding at local wealthy donor/ med malpractice atty. We wonder why no tort reform in O-care...	0
@shawnypurves @CBAColts we should have bowled, would have lettered in 2 sports	0
Or turn off read receipts  https://t.co/wSYGY0BHit	0
@SNFonNBC @DangeRussWilson @SeattleCoug91 @MattKane_838 you fags have this on your wall?	0
JUST IN: President Trump and Mexican President Enrique Pe√±a Nieto spoke today by phone... https://t.co/3djBLusxfu by #CNN via @c0nvey	0
Refugees...stay and fight the oppression.  Stay and fight the evil.  It's the only way to defeat it.  You must fight evil, not surrender!	1
@TexDolly @RealKidPoker Yes had to unfollow Daniel. If you so happy to push liberalism and open borders you should have stayed in Canada.	1
@realmurphybrown dignity when he kissed a Saudis ring? Or denying ISIS was a Problem, or letting racial divides grow larger and larger?	1
Please Please Please Please Convert this 2... Please Please üôèüèºüôèüèº	0
This class was hype! https://t.co/FtwOvKKgNK	0
@9thCircuitCourt you let u'r political views guide ur judgement! This is horrible! U have left our country unprotected! @POTUS	0
Trump Calls CNN Panelists 'Losers in Life' https://t.co/s8JyxJZJvD #Newsmax via @Newsmax_Media	0
Just got my BCBS health renewal. My prem fam of 4 went from $880 to $1874 per mo! Ded PER PERSON is $6000. Guess who I am voting for? #MAGA	0
We should cut funding to the UN unless &amp; until they repeal this disgraceful... https://t.co/x546CEcstF by #tedcruz via @c0nvey	0
"@ThinkinIntegral Dr. Angel wanted 
Exec Sum: https://t.co/l3kIotRKER
Gust Inves Rel: https://t.co/FRPuTTJT9F 
Team: https://t.co/ZBc3fRUUAZ"	0
CNN sucks!	0
@NBCNews @ksdknews why would you NBC cover such ignorance, don't help them strip us Americans of our only protection from terrorist.	0
Significant job cuts at Bombardier and the new real-estate reform in Canada is in effect #polcan #cdnecon‚Ä¶ https://t.co/pNcfB1mO0c	0
Hello @soccereyeq, I placed an order on Nov. 7. I have since emailed &amp; left a message on your website but no response. Please help.	0
@realDonaldTrump look out your window 100,000 people want to talk to you.	0
.@MimMgmgmg on #Periscope: Before i go #TRUMP #USA1ST #TrumpForceOne #BuildTheWall #MakeAmericaGreatAgain #Trump  https://t.co/KOxzuOY33m	1
Freedom of speech is the paramount freedom #auspol @DavidLeyonhjelm #18c #freespeech  https://t.co/HwuVPirbky	0
That's fucked up	0
#Orlando shooter a muslim, went to islam center for THIRTEEN years! #MuslimsAreTerrorists #Muslims #LGBTmafia #ISIS https://t.co/Lzuw6poeI7	1
@robreiner Rob, I thought you were against war, Hilary, a War Criminal who got her ambassador killed running illegal CIA guns to terrorists	0
The fight against infectious diseases is still an uphill battle https://t.co/ZflujIzcII	0
@realDonaldTrump The real crime is that you would not have fired him for illegal acts if they had not become known.  Does your brain work?	0
3 goals and yet more to come..feel entertained..Go Germany Go...always champions #EURO2016 #Germany https://t.co/FKXP1IU2mD	0
The Marketer's Dilemma: 100 Active Followers vs. 100,000 Total Followers via @tinashakour @socialmediaweek  https://t.co/qHBJRmcqyo	0
Just in: 6.8-magnitude earthquake shakes ocean floor about 100 miles off the northern... https://t.co/171qc5qRIv by #CNN via @c0nvey	0
@megynkelly Hillary's health, Benghazi, illegal immigration, Syrian refugees, santuary cities and Clinton Foundation not in debate	1
@mkatju By photographs he means picture of CM. To assure peoole that she is  nit indisposed. Please dont read too much into it.	0
tweet trump The millions of illegals VOTED they were given drivers license and officials banned from asking if they were citizens	1
Nearly 2 million people in northern Syrian city of Aleppo are without running water, U.N... https://t.co/52GDnXMVRm by @AP via @c0nvey	0
Fear of reprisals from authorities for talking about abuse noted as a common concern by UN Special Rapporteur on‚Ä¶ https://t.co/0cDVMycYvN	0
As usual #CNN Reporters =Bad at their job...Do a story on Chicago and their heave gun control laws. https://t.co/vOxqeA1UAP	0
@NeilWarner88 @bawlmer1022 Bottom line: Violence &amp; cruelty in Muslim world is related to Sharia. Promoting Sharia will promote oppression.	0
Feel bad for the Pirates pitcher honestly	0
@realDonaldTrump ivanka is very brace to lend herself to CNN considering...	0
@JustinFrankel I can understand that. I‚Äôm glad REAPER supports VST3 and AU. My VST3 experiences in WaveLab have made me skeptical of VST3.	0
Let's try this one more time--executive orders are not laws.  Only Congress can make laws.	0
Only 0.4% of all #3Dprinting in medicine papers were regarding general surgery; ortho/maxillofac &gt; 50%, shows review https://t.co/hw0fKqjZHD	0
"If we are going to get philosophical, ""No lives matter.""."	0
@WhiteHouse Confront Isis, Confront cop killers, Confront an outlandish deficit,  confront our illegal epidemic!  I	1
Russia has been invaded twice and each time it was mother russia herself who pushed France and Germany out !!!! https://t.co/FneVX8kO9r	0
@jimmy_dore @bpolitics new strategy,  clinton stopped talking about her record, focus on trump. Clinton campaign is advised well.	0
CNN Crew Jokes About Trump Plane Crashing Before Carrier Speech https://t.co/ax5WshVqyQ	0
#ESO is like a massive mix of Dragon Age Origins, Guild Wars, Oblivion, Morrowind, and Skyrim. It's pretty damn good.	0
@McCormickProf @ this point in time TrumpPence= ProLife moveforward w good Supreme court defunding PP &amp;religious Liberty w UR support	0
113 billion tax payer dollars spent on illegal aliens. Do American citizens want this?	1
@CSBAGUGANDA @waks83 @mofpedU @JuliusMukunda  The PFMACT doesnt recognise Local Councils rendering them powerless #ULGBUDGET17	0
@askevanscycles had altura night vision jacket.Washed as directed on label reflectors peeling off.Ref:W017459509. Please advise.	0
I want our leaders to stop unscreened #SyrianRefugees and potential terrorists from coming to America! https://t.co/PjbkqocTof	1
No hate! No fear! Muslims are welcome here! #notmypresident #Trump #nyc #powertothepeople https://t.co/hBLPpwUAvS	1
@AnnCoulter They are funded and bused in by Soros and the liberals who just can't move on. I suspect CNN is to 24 nonstop coverage by CNN	0
#WORLD Any country,tribe person that among in sheding innocent blood of #BIAFRA must be destroy by uncure dangerous diseases	0
Black Female Trump Supporter “Black Community has been destroyed by RACIST ILLEGAL IMMIGRATION” -  https://t.co/joLqj0bYul	1
@dougmckelway excellent job on Special Report!	0
Sounds like a down payment on the wall @realDonaldTrump #buildthewall #TrumpPence16  https://t.co/6dEmRn8PzO	1
@FoxNews @AGOWA @POTUS what about section 212 of the immigration and nationality act? Does that law apply?	1
"Don't just stand there, gawking!
BUILD A NEST OF YOUR OWN!
https://t.co/VWPMvTEnAh https://t.co/qQptk6fL43"	0
Hamilton an American Musical   https://t.co/xMr9C0h2PG  #Hamilton #hamiltontickets #Broadway #Musical #Chicago… https://t.co/VxqoQbWWcJ	0
This guy.......he still thinks he can make Mexico build the wall https://t.co/5Q2shfPrsR	1
Bill Clinton Was Trump Back In 1995 - Illegal Immigration https://t.co/DrwZ8xeGZk	1
Had to repost this   #hunting #fishing #Texas #Austin #atx #blackbuck #deer #huntingseason… https://t.co/OMoXMIaRiJ	0
Barristers ‘Gaming System’ to Block Muslim Rape Gang Deportation https://t.co/NVlyxh7bER	1
@ortegohunter not refugees anymore, criminals	1
@NancyPelosi U tell a mother whose child was killed by an illegal that illegals in your towns are law-abiding! U are an embarrassment!	1
@SenSchumer Israel has travel bans for 9 Muslim countries (and Gaza) and has a wall.  Will you slam Israel too? https://t.co/4b2rdeiYN3	1
Syrian army takes over Aleppo areas quit by rebels: military source https://t.co/DmtoaVvpuu by #Reuters via @c0nvey	0
@dlippman @politico   What will you do if your family member is killed by an illegal alien?  Let's look at protection first then immig plcy	1
@realDonaldTrump please stay on message; Econ, border, trade, safety. #MakeAmericaGreatAgain	1
@dawnellemurray @guardian Screw you for that is a lie.....no way will Pres Trump accept refugees in Australia that Australia won't take	1
@michellerj1019 #CNN = #Clinton-#National-#Network, #aiding &amp; #abetting the #LiarsClub of #Progressive-#Liberals https://t.co/JAweC7aM65	0
@immigrant4trump @OMAROSA Great job!	0
Pray. Trump needs only 12 more electoral votes	0
Populist Leaders Praise Trump’s Refugee Ban as Model for Europe https://t.co/gbMf6lSGcd	1
Do You Support Trump's Day-1 Removal Of Illegal Immigrants?; I voted Yes, https://t.co/xdAbjEphan	1
@TheBriarRabbit Puban @puban41 or TRIGGERH4PPY_ on twitch. Flockstar11 @flokstar11 on twitch. Sweep @Sweepthelegz sweepthelegzz on twitch.	0
Before you talk, listen. Before you react, think. Before you criticize, wait. Before you pray, forgive. Before u quit, try. @ppsychological	0
99% of Afghanistan Migration into America Supports #ShariaLaw https://t.co/WoOzL2IOQT	1
Coore &amp; Crenshaw build a special one up in Cape Breton.  It's a must play.  IMO https://t.co/5V4ftKw8gv	0
@TeamCavuto Loved you last segment on illegals, you and your guest nailed the goofball!!	1
"WTF is this @rodgerrodgersu?

An intolerant lefty retard losing it over the #MuslimBan?

Because more innocent infi… https://t.co/xoZbmyctJq"	1
@ScottBaio @Basseyworld @Starbucks Hopefully, Starbucks read this before hiring refugees: https://t.co/dOV1xDWobO	1
@WayneDupreeShow @RealDLHughley Well as a white male, I guess I get more rights given too me by the Government, being I'm in the minority.	0
Muslim isn't a race. The 6 largest Muslim countries aren't on Trump's list. You don't mind terrorism on our soil bu… https://t.co/m6fyYstA9u	1
".@TurnbullMalcolm ""Once again we mourn for the victims of another murderous act of terror in France overnight, on Bastille Day"" @australian"	0
South Florida's largest homebuilder completes $643M buy: Lennar Corp., South Florida's No. 1 homebuilder by home st… https://t.co/HfcxVgD9ls	0
"@nytopinion Esall starts off with faulty premise about ""immigration"" completely ignoring the difference between ""legal"" and ""illegal""!"	1
Memo: PE could count as 'unstructured physical activity' https://t.co/3K7DbczFnS	0
Cause Ayn was all about anti-immigration and protectionalism...  #Poorlyread https://t.co/Es5XE32v5G	1
Mainstreaming #disabilities in Social Protection popularize disability in Social Policy discourse - Edmos Mtetwa. #SASPEN2016 @SASPENNEWS	0
#COW California Oregon Washington SECEDE now #calexit #LoveitorLeaveIt #I'mWithHim #AccepttheResults https://t.co/GErwqSB28T	0
Too funny. Just look at @CNN freakin' out over President Trump.  Their most trusted News claim is on the Shit paper we use... #CNN #Bias	0
@leftytgirl probably. This whole thing has lefties so confused; a Muslim attacking Latino LGBTs. Who you gonna blame? Middle class whites?	0
Hey Colin get the FUCK out of the United States &amp; anyone else that supports your actions! Only want proud Americans. Hypocrites not welcomed	0
@Woodburn9003 and it's not even a Muslim ban. None of the top 5 Muslim countries are on the ban list. https://t.co/jRu3fzvJGQ	1
So this is what being progressive liberal gets you? No Thanks #MuslimBan #NeverIslam #DeportIllegals… https://t.co/F2jTkdDQs0	1
"Of course you would Hussain. You are the reason,  ⚡️ “Obama praises protests against Trump's immigration ban”

https://t.co/hsjoHAKYMD"	1
@Rockprincess818 The left supports these criminals. That's why we need to get them OUT of Gov. DRAIN THAT SWAMP PRESIDENT TRUMP 🇺🇸👍🇺🇸	1
Stay with your own kind. Race mixing leads to #WhiteGenocide and violence by non-white savages. https://t.co/E7lNMLU9On	0
"2 simple rules: buy American &amp; hire American."" - @POTUS. Turn illegal #DACA off @realDonaldTrump"	1
@megynkelly Was it a DHS contractor who did the background investigation on Mateen. DHS relies heavily on contractors based on my experience	0
Texas Alerts on ISIS Terrorists and Terrorist Wannabes Breaching Borders https://t.co/OHUpBcwcwV via @pamelageller.com #ISIS	0
I agree with #Trump there must be a #wall with #Mexico they must build that wall to keep… https://t.co/jZs8c5kIXW	1
@ConanOBrien it's not a Muslim ban. Get your facts straight.	1
@UTHornsRawk I wish #CNN would hire #MeganKelly . That's where she belongs!	0
@WayneDupreeShow @realDonaldTrump @POTUS Same here	0
@FoxNews @VP @POTUS letting him terrorist buddies out to hurt more Americans.	0
In 2015, under Akhilesh's administration there 4372 incidents of crime per day. 93 lakh crimes in 4 years. #AkhileshPolKhol	0
@realDonaldTrump @POTUS Germany doesn't even like you bro....	0
@MartinShkreli @HillaryClinton You were audible on CNN live.	0
My first black buck!   #texas #atx #Austin #hunting #fishing #wimberley #blanco #outdoors… https://t.co/jWo4Ng17zK	0
@CNN If you hire undocumented workers, you should be arrested.I'm an American. Tell me what law I can break.	1
Budget 2017: USC rates cut, social welfare up by €5 per week and package for first-time buyers https://t.co/tFyuE073aB	0
@realDonaldTrump Australia/point system on immigration,points for no crime, job, etc.  A ruler that will not bend will break. Latinos d-wory	1
GOP figures disgusted by Trump urging Russian cyberattack https://t.co/oGpstOQgC0 via @HuffPostPol	0
@JudicialWatch  We have laws regarding immigration. When those laws are violated, the victim is the people of the US. There is a price.	1
Tell all your left-wing buddies to get on Gab. Twitter is a sinking ship. https://t.co/7CbptdgPoN by #PrisonPlanet via @c0nvey	0
Do you believe in Aliens, Donny?' @DonaldTrump @hughhowey	1
@ropena u must be another illegal!  Go back to Mexico along with all your other illegal aliens!	1
@JeBroo5 @JonHaidt 2) As I said on immigration for ex, *nobody* is for or against immigration in the abstract, yet Haidt writes as if they r	1
Immigration attorney ad signs are going up all over the place	1
@Twitter I believe all the protesters are doing something illegal in their lives and are afraid they will lose it such as Welfare and SSI...	0
@realDonaldTrump I know myself and many hard working Americans would volunteer to help build the wall Mr President. 🇺🇸	1
Paranoid and delusional? Not a good combination #NoBanNoWall https://t.co/7bOltyEuKu	1
@noahhgomezz @realDonaldTrump Same goes with the Muslim banned he only wants to banned the county's  radical terrorist groups .of course	1
Stopping Only Nine Percent of Illegal Alien Border Crossers Would Pay for Trump's Border Wall - Breitbart https://t.co/koZiH5XwG7	1
Feminists are so quick to speak about how rapes are never reported, then deny refugees have caused the biggest rape problem in history.	1
Most liberals support LGBT rights but they're protesting against it with the Muslim ban, which in fact Muslims want to kill them	1
@realDonaldTrump U promised a wall, and investigate Hilz. Kill NAFTA &amp; Obamacare. No Romney! Don't betray us. We risked our lives for you!	1
@BugsAreScum @Ricky_Vaughn99 Jews killed millions of Slavs and are responsible for Slavic slave trade in Turkey, Muslim Spain &amp; Middle East	0
@fuzzycuckoo1 @CKanne @bronk asking immigrants to come to the country legally isn't about hate, it's about the security of our citizens	1
A must read for all those job seekers this new year!  #jobsarizona #jobhunting2017 https://t.co/0Z1ulQNKEc	0
@TheArabSource they've got more courage than the cowardly sissy boys,that all jumped on boats and pretend to be refugees	1
"CNN reporting ""German authorities are relieved it doesn't seem 2 b an ISIS terrorist attack"" so a crazy guy killing 10 people is a relief?"	0
"@DEFCONWS - A False Flag attack on US power grid blamed on Russia. Any means to prevent electing #Trump.
#MAGA #AmericaFirst #TrumpPence16"	0
@CNN immigration reform is the key word, Congress needs to get off their ass and work on this law. No more talk, just action.	1
Mirror on the wall! https://t.co/6IMgvDLgyE	0
@ABC @ABC stabbed by a Palestinian terrorist. You might want to mention that.	0
Am apreciat un videoclip pe @YouTube de la @hm, https://t.co/FyQmwYjxJA Come Together – a film directed by Wes Anderson starring	0
"#Germany #Berlin #Terror attack #video #isis 
Berlin police: 9 dead, at least 50 injured in truck crash. https://t.co/loy0nsFs19"	0
Hillary Clinton concedes presidential election to Trump: 'We must accept this result' https://t.co/DR24WBIdKV	0
@JoelDFoster1 NO But useing stolen ID &amp; SS# is fraud &amp; a F3 felony u forfit all rights N this country &amp; law says F3 Illegals must B Deported	1
@KimKardashian please please please please please please tell me what law would have stopped this?	0
@HillaryClinton @realDonaldTrump Hilary, 3 Hrs ago on CNN you said you wouldn't get into name calling.  What's this???!!! #liar	0
@Jrockcalgary @spark_show @CTVCalgary the legal system is there, but Wenzel's initial actions were super sketchy.	0
Muslim author: I feel safer in the U.S. than I do in any Muslim country https://t.co/LEm3TlS83l by #SpecialKMB1969 via @c0nvey	0
@cgm807 @CensoredPatriot lol,, that's why..!	0
Our response to @Diplomat_APAC article this morning on US sanctions on Myanmar. Do some fact-checking, please: https://t.co/JuyMF0ZXzA	0
Thinking about rushing? Think twice before you accept bids. ADII supports the illuminati https://t.co/XidMFlMW1A	0
Let the fun begin, #CamdenTPAFrenzy https://t.co/s2LRpJDPxt	0
@anthonybrown once again, there is no way to vet these people. You're gambling with American lives. Unfortunately we don't deport USC killrs	1
"Up next: promises of reform

Child Welfare Agency Did Not Protect Zymere Perkins Despite Abuse Evidence https://t.co/gVdLqwxGx7 @JeffCMays"	0
Truth! #Trump #TrumpPence16 #TeamTrump #TrumpTrain #MAGA #NeverHillary #NeverKillary #NeverForgetBenghazi https://t.co/AEAtb0cbLk	0
There are over 300,000 homeless veterans and 1.4 MILLION at risk for being homeless. When will we open our eyes	0
"TRUMP You Are The POTUS ""We The People"" Need &amp; Want!! Golden, CO - PLEASE STAY ON MESSAGE!! - Off Weiner &amp; Abdein!!  #MAGA #TeamTrump"	0
"https://t.co/xTjrto8tDU  Halloween Special   Ask Your Questions   please ask anything you want about Aliens, demons, UFO's 

Today 8 PM ET"	0
@realDonaldTrump I'm confused.HRC doesn't seem to have compassion for unborn children, but loads of compassion for refugees.#AllLivesMatters	1
"""KICK START!!!!""  #UnREALtv #WAL  #SPEEDSTER #POR #drug #horse #coke #pepsi #jeti #starbucks #PTA @vanndukeandsammy https://t.co/iqSekkVlzM"	0
@WayneDupreeShow @skyjones55928 I wouldn't mind @Mike Huckabee either.	0
@AnnCoulter I do! Because of all 4! Especially #2 My pain is real! BUILD THE WALL!  A generation of kids are dying from Heroin overdoses!	1
@crecenteb @congressdotgov but do not include attacks by terrorist.	0
Ambush Attacker of Arizona Officer, Saved by Good Samaritan, Revealed as Illegal Alien... https://t.co/MaPr0qNxqo via @thelastrefuge2	1
"Rohingya illegal wood loggers hacked to death a bengali forest guard in Ukhia, Coxbazar

https://t.co/PdV8D0ShV5"	0
@MegganAnderson @LAWeekly Go ahead. They should build the wall all the to Canada &amp; make Oregon &amp; Washington can also Secede.	1
DHS Quietly Moving, Releasing Vanloads of Illegal Aliens Away from Border https://t.co/3LhCUbCsJo via @JudicialWatch	1
@BrookeBCNN who the hell cares what these elites think? They are the same people who are destroying the country and CNN isnt helping #biased	0
@POTUS possibly you have to impeach Mayors that harbor illegal criminals in sanctuary cities. That alone is criminal. Replace Mayors	1
@HillaryClinton @maxjoseph OH HEY THERE.... https://t.co/F3gd7Curhl #MuslimBan #immigrationban	1
Premiums are rising &amp; health insurers are abandoning the market. We need a conservative solution. https://t.co/FoWjC9PFce #TCOT #PJNET #GOP	0
ZOA Praises British PM’s Protest to 16 Muslim Majority Countries’ Bans on Israelis/Jews https://t.co/dxB4dYB399	1
@immigrant4trump @JamieRJN these are 2 townhall meetings I'd like to attend and protest. #Assholes #MAGA #PresidentTrump #teaparty	0
10,000th Syrian reaches US this week in resettlement program  https://t.co/z1nHkV4DXb	1
"@realDonaldTrump  The constitution Hitlary  ""for wall street by wall street"" "" For corruption by corruption"" For the money by the money"	0
@ansonmount  I am a vet and parent of vet, heart breaks for family but his attack on Trump was uncalled for, isn't about him, its about ISIS	0
"This is direct from a Muslim leader... He spells out exactly what they want to do in our country! 
#MuslimBan https://t.co/o6cy6vDtRB"	1
@ChloeGMoretz Chloe, we have multiple gun laws on the books they're not being enforced especially in liberal cities.all life matters.	0
A illustrious upright piano made by Blanchet Fils Circa 1850, piano maker and successor of Blanchet Paris, Case... https://t.co/L3Id80woDD	0
@Reince @CNN Reince, Great Job on CNN Tonight! You nailed it! So proud! #ProudAmerican	0
@DrJillStein On planet Earth, he was a murdering thug and a tyrant. Justice was anything he thought it should be, enforced by firing squad.	0
"@YoungDems4Trump @CIA @mattharrigan
 https://t.co/vcug7xQnfL
I quote ""My recent facebook comment was intended to be a joke"". 
Poor judgement"	0
"@HondaRacingF1 @McLarenF1 @alo_oficial @JensonButton 
Gr8 job by team mclaren nd honda.. keep it up..soon we will be on podium #MalaysiaGP"	0
As long as the refugees are women and children and not the military aged males that infested Cologne on that infamo… https://t.co/9p6d5lfltQ	1
#TRUMP Taps Most Effective Anti-Illegal Immigration Official To Run Immigration Team https://t.co/5l4J9fLr3s #kansas #kobach #immigration	1
"Dem Doug Schoen drops support of #Hillary, fearing another ""Watergate"" crisis! https://t.co/SQ857y9kgV #pjnet #ccot #MAGA #p2 #Election2016"	1
@WayneDupreeShow Hilary is a unethical liar and corrupt criminal and should be locked up.	0
@TheLeadCNN @CNN How inflammatory, irresponsible and overly dramatic.  Heaven forbid we vet immigrants.  She and her ilk are a disgrace	1
Be safe and take your country back. Italy Announces ‘Zero Tolerance’ for Illegal Aliens https://t.co/f532RpOlus via @BreitbartNews	1
John wall! 😮😮😮	0
#whyiresist Dems welcome aliens, who won't assimilate and want us dead, into US. Will be downfall of the nation.	1
Mexico Declares War On The US - Must watch #AmericaFirst 🇲🇽 wants to invade 🇺🇸by help illegal stay in 🇺🇸 https://t.co/lSt3fXitbs	1
@Tom_in_CT @ChrisMurphyCT The Truth About Trump's 'Muslim Ban' https://t.co/WuEfJfNqY4	1
Cuomo is pushing back. #NoBanNoWall https://t.co/dl8dcyqKQ7	1
The Economy, Healthcare, Terrorism, Jobs, Trade and immigration. Everything else is just white noise designed to distract you. #debatenight	1
Exclusive: Trump expected to sign executive orders on immigration https://t.co/APUpLNXcMD via @Reuters	1
Thankyou Obama for going with Hillary's plan for hundreds of thousands refugees moving here &amp; taking all of our tax mone.	1
Hilarious exchange between Trump attorney, CNN anchor https://t.co/FUaSIlTD0b	0
I'm not gonna be surprised when they announce that the shooter in #Munich was a refugee named Muhammed... #RadicalIslamicTerrorism	1
@mirimichigreen great article on benefits of #carbon #siteone https://t.co/kggWfEnd85	0
WOW In her answer she just admitted she has no idea how to vet these refugees	1
@realDonaldTrump How do I get message to u of idea on how 2 build wall for free that I have run by several illegals that agree with my idea	1
"Canada's first female prime minister calls Trump a ""sexual predator"" https://t.co/Gt2PC7Dpy4 via @TheWorldPost"	0
"https://t.co/O5L1S3vaSO

This was fun. Next Wednesday will be ""Off the Wall"" #freedrink #sendadrink see you @junipermoondm @7:00pm"	0
For Immigrants, the Threat of Indefinite Detention https://t.co/tcAiGu7Lvg	1
"Approx. 10,000 sq ft City Water lot in #NorthPort  - $12,000.
https://t.co/uqzCAs8sYB 
#SteveAndKatrina w/Gulf... https://t.co/bR6sh5W6Bo"	0
Get a job! @ParkerMolloy !!@NewDay @CNN CNN=FAKENEWS #fakenews #MAGA  #thankyoutrump #corruptmedia  #cnnsucks #garbage #CNN=FAKENEWS	0
@FOX10Phoenix @bandasaul9544 or maybe they are illegal immigrants living og the government tit.	1
@MMFlint @FoxNews @realDonaldTrump Francis you are full of crap.There were multiple ads run on Craig's list at 1500 wk +more aggresion=$$$$	0
Good thing #calexit is illegal	0
@immigrant4trump awesome!	0
3000 murders committed by illegal aliens in Texas over a six year span is a YUGE problem. @nth_infusion @IndyNKC @OneTonTurtle	1
Of course the attacker was a muslim refugee this is why we need Trump way too man things like this happening all under obama deport the refs	1
@Chriss_m Guessing his father isn't American or he is talking about segregation or just ignoring FDR's executive orders &amp; the WW2 thing.	0
@POTUS: If Mayor De Blasio wants the feds to keep funding NYC, then he should stop giving any aid to illegal aliens. #MAGA #DTS #Trump45	1
@POTUS If you want to pay me a $25/hr union salary to help build your wall hmu b	1
@CNN @Evan_McMullin Another distraction by DJT signing immigration ban EO Russian hacking took back seat!!	1
@wtfvitcho @realDonaldTrump  the word illegal mean the should not be here. To take job away from Americans	1
"Don't just stand there, gawking!
BUILD A NEST OF YOUR OWN!
https://t.co/VWPMvTEnAh. #jobs #income #money https://t.co/C0ngQBaXyD"	0
Is it true that Donald Trump wants to build a wall #debate	1
Received a robocall? You could get $500 per illegal call https://t.co/nVMO4Mlafq	0
If this was about Jews NO ONE WOULD PROTEST y'all....  #RDUprotest, #MuslimBan @AshleyRaineyCox #jewsforrefugees, #jewishracism	1
Obama taps Muslim who praised 9/11 attacks – puts her on US Homeland Security committee! - https://t.co/9XedjxxlQq	1
Great to hear @NelsonDollar36 thanking our wonderful volunteers for helping to knock on 10,000 doors! #YRNFinNC… https://t.co/wWIDtYCGuQ	0
"HUM: Isle of The Cheetah. You know their song ""Stars,"" but albums are wall to wall greatnss-I filmed this: https://t.co/MBH3kR0fSK @mflynny"	0
If illegal aliens can't get work permits or benefits under Supreme Court decision why is Obama encouraging them to stay?	1
#My5WordAmerica Build That Wall, Donald Trump.	1
Eric Trump CNN Post Vice Presidential Debate - Watch Eric Trump dominate 3 CNN anchors so beautifully!!!! https://t.co/f8kmrbrHnS	0
@BernieSanders  build a wall!!!	1
@GrantWahl Womens guarant'd USWNT/NWSL salaries aside, FIFA figures: '11 Women's WC GROSSED $72M. '14 Mens grossed $4.8B &amp; NETTED $1.4B.	0
Immigration system that works for the American people. #TrumpIsWithYou #RNCinCLE	1
@bossemrk the liberal candidate is a crooked women who doesn't care about anyone except her special interests on Wall Street.	0
".@dicey__ on #Periscope: Marching at #JFK. ""Build a fence / around Mike Pence!"" #NoBanNoWall #muslimban https://t.co/5iEph06iEs"	1
From his physical injuries...what about the psychological ones? https://t.co/wrrlSxKdPq	0
Am apreciat un videoclip pe @YouTube, https://t.co/yI81tIPERG Be, room, cliff book tag I Maria Grecea	0
@realDonaldTrump Subvert abortion.  Make pregnancy/production illegal without license.  Punish the seed planters.	0
They will attack Canada first with 25,000 Un-vetted Syrian nationals all over Canada. Canada is a soft target no 2A. https://t.co/6XKhlgXS9w	1
PJ Watson: The Truth About Trump's 'Muslim Ban' https://t.co/DtME7ggnsd	1
"Liife hagck , when somone nocks downn youre sannd cassle. ""Build it back""  then..if they doit agin. u pop their raft so they git the point"	0
Lies &amp; Corruption flock to #Hillary like flies are attracted to ...  https://t.co/VAJJqg1cCt #Trump #TeaParty #pjnet #ccot #tgdn #TrumpTrain	0
@mikko @vapriikki Back in my prime, I could hit 5 million on Defender, taking ~ an hour per million. These days, ma… https://t.co/69kubky1d7	0
Boston mayor vows not 'to turn back on immigrants'   https://t.co/teoi6qROd6	1
@realDonaldTrump let's build that wall to protect this great country!! #BuildTheWall #trumpneversleeps ##	1
#Trunpt do your job. Stop the witch hunts. Tweet about health care, jobs infrastructure, policy. Be a leader. #MSNBC, #Hardball #CNN	0
"9-year-old daughter on a suicide bombing mission. But judges of 9th Circuit are safe

""SEE YOU IN COURT"" #MuslimBan https://t.co/EylSgKm7tf"	1
"⚡ Aleppo evacuation suspended as gunfire and explosions heard

https://t.co/c3iDEDyP1M"	0
@BoardingArea @TheTravelUpdate I don't but I was advised by #AMS immigration officials to do so.	1
iAt Idaho Falls, Blackfoot has scored on all six possessions, Idaho Falls has gone 3-and-out or 4-and-out on all of its possessions #IDpreps	0
Report illegal aliens 1-866-DHS-2IC (347-2423) https://t.co/awaK1pdmR2	1
@WLKY build that wall	0
She's a liar.Megyn 'Eve' Kelly Has Meltdown Over Trump Muslim Ban - Is Rebuked By Huckabee - https://t.co/tWAnLIrkGl via @BreitbartNews	1
@KellyannePolls Great interview on #cnn Clinton News Network. @andersoncooper is a screaming liberal disguised as a news reporter.	0
How can European men allow refugees to rape and beat on their women and children? What a bunch of pussies. Europe rise!#Germany #Sweden #UK	1
Obama Administration Scraps Entry-Exit Tracking System for Migrants from Muslim Countries - Breitbart https://t.co/3ICHqu6sOq	1
@CNN how about a ban against immigrants who are against equal rights for women?	1
@SheDidTheDrew_ there is a process to become a citizen, period. How can you support illegal activity?	1
So...it's cheaper to build a PC on Amazon nowadays than tigerdirect...	0
"@FoxNews @POTUS The lack of  control over immigration steals ""the dream"" from us all including Hispanics. We need reform and a plan."	1
SHE MADE IT UP: NYPD Arrests Muslim Girl Who Claimed Attack by Trump Supporters https://t.co/rOLouZVPiH via @heatstreet	0
"VERY Scary!  
OBAMA ALLOWING CHINESE ILLEGAL ALIENS TO ENTER THROUGH BORDER in ALARMING NUMBERS https://t.co/pwNaBhKIvc via @realDennisLynch"	1
@realDonaldTrump @mike_pence I am disappointed.  Secret hanger meeting?  I voted for U to put hrc behind bars not build a wall. Thumbs down	1
#BanSyrianRefugees is the best way that @POTUS has worked to secure our country so far! https://t.co/wjm6EG4Egm	1
"@CassandraRules We need to petition Trudeau to allow person of color Joey Diaz entry to Canada.

https://t.co/MiDTChA9eS"	1
@CNN @AC360  except illegal aliens in sanctuary cities!	1
I sympathesize with the woman but I'm sorry the law has to prevail and must be enforced equally.  https://t.co/mIgL8YyRbE via @Newsmax	0
Muslims Furious After Refugee-Filled Country BANS Everyday Islamic Practice https://t.co/YiGFevfQAj	1
@realDonaldTrump @herbmurphyjr Fox News blackout again on Direct TV as well as CORRUPT CNN. I know why CNN doesn't want to be on the air.	0
🚨🚔Thot patrol on its way to apprehend all thots!🚔🚨 https://t.co/gmZJ48aVln	0
@RobbyCU @FoxNews @KarlRove @fxnopinion No , they were saying they were special and deserve special consideration.	0
Refugees sue Pa. district, charge school not good enough via the @FoxNews App https://t.co/dxBhnZF9dH	1
Gains gains gains gains, gains gains gains gains, g g g gains gains gains GAINS 💪	0
Winning! Coffee Company Responds To Starbucks' Plan To Hire Refugees, Pledges To Hire 10,000 Veterans! https://t.co/Fo85xTI3Og	1
Martin Shkreli meets his match in group of Australian schoolboys who recreated... https://t.co/4VX7G71toZ by #CNN via @c0nvey	0
10,000 Pakistani Muslims Accept Jesus in One Night https://t.co/e0qyRooa9U	0
They wanna #FactCheck #Trump but not #Hillary, after 8 yrs scarcely touch #POTUS @realDonaldTrump #MAGA #tcot #FoxNews #cnn #ABC #CBS #NBC	0
@ChrisCJackson @realDonaldTrump @CNN And how many were illegal votes?  Keep hanging your hat on a worthless number.	1
@WayneDupreeShow Americans are not going to let this die we want answers to all that has happened in the last year or so now it's out	0
@SupportersTrupm Happy NY, pls support Veterans to build a container wall, great community project, long term solution for Veterans	0
Click here to support Only 1 Full Breed Design Gentlemen organized by Full Breed https://t.co/QG2qVuEL6L via @BoosterLLC	0
The problem is not letting refugees into the country the problem is allowing refugees to go home with support-refug… https://t.co/QeJ60wm83E	1
@ShepNewsTeam @realDonaldTrump Immigration Policy is to stop Illegal Immigration period. How he gets it done is not important to the masses.	1
Double-digit ObamaCare premium hikes projected in 2017 #KingObama #GoFigure #Trump2016 #HillaryClinton #TCOT #CNN  https://t.co/PAVCqsjqKN	0
@seanhannity @realDonaldTrump Protect our National Security as well as fix or illegal immigration issue and build a wall.	1
@madhukishwar @SDwhistleblower An invisibility cloak on all muslim extremist actions exists n india.	0
Some idiot on View said were a country of laws, yet she supports illegals breaking those same laws entering our country! Moron!	1
If you replaced Wall w/ Kyrie, Lowry, or I. Thomas on this Wizards team would they be as good as they are w/ Wall?… https://t.co/9awsuYot3R	0
"https://t.co/atFOuT95EH
Proof 2 pac.would have voted and enforced Donald Trump."	0
The following all suck: Religious Death Cults, Homophobes, the Gun Lobby, Mass Murders, Politicalization of Human Tragedy, etc.	0
Respect? Reciprocated w illegal aliens not paying taxes, utilizing what tax payers worked 2 provide, draining USA r… https://t.co/khwdNt4CGn	1
#CNN Why aren't you covering the thousands of protesters like you did during the #RNC you sell outs!!!!	0
@kookyspooky1031 you think saying we should starve immigrants is a good thing?	1
@vinny5p1 @CNNPolitics CNN has become as bad as NBC and MSNBC disgusting!	0
@BeautyPostss  PLEASE PLEASE PLEASE PLEASE PLEASE PLEASE PLEASE PLEASE NEEEEEEEEEED😫	0
@ScottWalker #IRS lies this whole BHO admin been dishonest since day 1:Benghazi, fast&amp;furious, illegal immgrtn, Ocare-u can keep your Dr	1
@sidneyashten_ @PANDlSM That means you can say what you want, LEGALLY. Doesn't mean you aren't a scummy piece of shit.	0
Oooooooooh Shiiiiiiiiit!!! My boi Don on dat Crook light a wall on a border! https://t.co/7NXmLQxTiJ	1
Do You Wanna Build A Wall? - Donald Trump  https://t.co/FVSEcmqtvE	1
Ok Canada. You won't see us in football, baseball, hot dog eating contests, or war though 🇺🇸🇺🇸🇺🇸 https://t.co/KIYWFKzLF8	0
@ArvindKejriwal do you know anything about Pramukh Swami? Delhi me baithe baithe Gujarat pe nishana mat maar..	0
#ccot, #jews ,#AmericaFirst   No shock here.  This is why they are withholding the information.  Any bets? https://t.co/jmur6bXq31	0
"A scholarship at #GUC for Syrian refugees in Egypt. https://t.co/5mn0z53eI3
cc: @TheSyriaCmpgn @snhr @SyrianCoalition @SyriaDeeply"	1
@McJuggerNuggets We need to build a wall of pillows	0
TERROR WARNING: Terrorists 'to target smaller UK towns &amp; cities in Nice-style attacks' https://t.co/n6Q1N1rM1U	0
@realDonaldTrump Democrats are more concerned about providing healthcare to illegal aliens than they are veterans	1
@ecc37 @CherylJstwin @BunnyB28 @immigrant4trump them bitches are fucked up!	0
"Clinton states that ""Trumps comments are being used as recruiting"" is same Clinton who stated it was a video that caused Banghazi attack."	0
"@sjredmond @WayneDupreeShow ""Is Trump correct? Yes, and no"" Actually read the article and think for yourself dipshi… https://t.co/Czs9yuZxVV"	0
@NBCNews @ksdknews why would you NBC cover such ignorance, don't help them strip us Americans of our only protection from terrorist.	0
@SmylyMonroe Happy NY Tammy, pls support Veterans to build a container wall, great community project, long term solution for Veterans	0
Great choice #PresidentTrump ❤️ It's time the AG enforced the laws! @realDonaldTrump @jeffsessions #TrumpArmy https://t.co/vPietdBW7d	0
Today@5pmEST: #Kahn man's #Sharia con; #Obama ransom for sailors; #Trump rattles cages; Guests @CooperSunshine and @StephenMoore - @660WORL	0
@realDonaldTrump ur the best.. I wish u were able to deport these idiots along with the illegal criminals :)	1
Oh Madeleine, please do and go live in Saudi Arabia, and see how many rights you have there as a Muslim woman. https://t.co/TY8Q03nQi4	0
@NancyPelosi # you are so dishonest and dillusional regarding deportation of criminal illegals, Obama deported 2.5 million	1
@MarkDice @gailtalk the liberals can take solace in the fact that their 'gun free' zone worked! Terrorists were forced to use SUVs &amp; knives	0
@YusufDFI Data is erroneous because it excludes illegal bangladeshis tht constitute a big part of population in north east nd eastern states	1
"The mainstream media should be put OUT OF BUSINESS. 
#Trump2016 #POTUSTrump #CNN #obama #ElectoralCollege https://t.co/SBP2nXhYzb"	0
"@mlbstar17 @KellyGrossberg @PatrickToasty b/c libs feel ""All Lives Matter"" is racist but ""Black Lives Matter"" isn't. https://t.co/fKed3HItYw"	0
@realDonaldTrump @FoxNews @CNN well doesn't CNN stand for Communist National News?? What did you think Mr. Trump? A fair shake? Not there.	0
Am apreciat un videoclip pe @YouTube, https://t.co/WpwEMvy6ev The Science of Mind Control and Free Masonic Witch Craft Broken Down	0
"If only we had strict gun laws like they have in Paris, France - then this nightclub shooting would have never happened. 

#Orlando"	0
@SenTedCruz @trappedinca obama is threat to our country.  Hillary will sell out country for $$$.  U should defend country. Support trump.	0
@KeithOlbermann CNN is scum, hope they're disassembled.	0
Let Islamic nations take in their own refugee's. Ban Koran, Islam from USA. It is not a religion. Its a invasion by foreign powers.	1
The Democrats in the Senate &amp; Congress need 2 remember that U work 4 We The People❗️If U block #Trump on his pick of SCOTUS, you'll be fired	0
@Amusetales @patsylake @realDonaldTrump and refugees.... #dontforget	1
No surprise here. While his rich buddies get richer, the poor will get poorer. My how far we've fallen as a nation.… https://t.co/OSDQMhQU9R	0
@Levitt_Matt @WashTimes build that wall	1
Muslim activist explains why she supports extreme vetting https://t.co/RJ0i1IvQSX	1
#Reuters Confirms #CNN LIED About Secret Service Visiting Donald #Trump https://t.co/6jp6oBHUiE #trumppence2016 #MSM is so corrupt!	0
We need a tax code that works for us instead of against us. #Tax #Taxes #TaxReform #GOP #tcot #pjnet https://t.co/pDnbfRRQnV	0
"Tuk Tuk Tracking ....Happening now .
HawkEye Gps Tracking ."	0
@immigrant4trump @PJStrikeForce wont see this on msm if trump gets 25% of black watch out	0
@FrankieCocozza bolox yous got pised up n was tryin b flash I sware dowen u wud off sed eny fing 2 me yous wud b lyin fayse dowen in d guta	0
"A Muslim walks into a gay bar.
The bartender asks the Muslim ""What can I get for you?""
The Muslim responds: ""Shots for everybody!"" 
-Dante"	0
Wow.  This is for real?  Talk about being a fly on the wall! https://t.co/w0OHMjD7ZS	0
I'll gladly give $120. Best money I've ever spent. Build that wall @POTUS https://t.co/Et2ZfNMH3T	1
Thousands in Aleppo have been displaced by Syrian and Kurdish army movements https://t.co/2nPhBhUdPM by #TIME via @c0nvey	0
Cephaloburrow!: Octopus makes own quicksand to build burrow on seabed https://t.co/h4o4yDs78R	0
Cuban Admits He Lied About Front Row Seat; Wanted To Get Under Trump's Skin https://t.co/PwCfiyIA8t via @WayneDupreeShow	0
@WHO talking non communicable diseases &amp; prevention. Increase exercise, reduce fat/salt @BWGovernment #UNOpenHouse https://t.co/CQCNN7qlOt	0
BLUE STAR MOM RESPONDS TO MUSLIM FATHER’S ATTACKS ON TRUMP, AND IT’S ABSOLUTELY BRUTAL https://t.co/IeE34A97eK via @realDennisLynch	0
@WayneDupreeShow @TrumpetersWin Must have too much time on her hands!  Hollywood been slow there Ashley?	0
@bakedalaska #BoycottStarbucks why spend your money to a company who is against #PEOTUSTRUMP	0
The VA withheld roughly $110 million in payments to thousands of veterans. https://t.co/AYzrgJgcOP #TCOT #GOP #Vets https://t.co/x3f1QVJDM5	0
@FoxNews Canada is interesting, they won't let an American in that has been arrested. But they'll take refugees with criminal history	1
CNN cant you fact check Hilliary also	0
@Xo_Jim5 Footage from CNN actually/ this AM around 6:00. I am conservative but I do homework before spouting off.	0
Critics blame @MLauer for interrupting #Hillary filibuster, #Trump listened. @realDonaldTrump #MAGA #tcot #FoxNews #cnn #ABC #NBC	0
Build a fucking wall around that plate and don't let that cunt in	1
@kayleighmcenany good job on cnn	0
@POTUS Maybe wall should be privatised,100$truck 20$car5$personWorks forGWB.in Ny/NJ.think of all companies would invest	1
I thought @kayleighmcenany had a hard job on #CNN trying to be black and conservative when things like this are going on is impossible.	0
@megynkelly Trump did say it would be a temp ban on all immigration until they can be vetted!	1
I heard that @CNN was editing @realDonaldTrump 's #ImmigrationPOLICY speech live. This is a prime example of the corrupt bias media @CNN is.	1
When you raise taxes on the wealthy you eliminate jobs because the wealthy can't hire as many people. #logic #debates	0
all along Israel's southern border. It stopped all illegal immigrat	1
@ScottBaio @bigboater88 @realDonaldTrump thank you Scott it's about all Americans not Hollywood special needs	0
@THE_TNT_TEAM https://t.co/H8v7NJo3FM   Nothing on currency reform on list  Sorry ;(	0
@Latinos4Trump16 @realDonaldTrump why exactly. He will make you build that wall of his. Oh right....thats why you want him in.	1
I'm with Trump! #Trump #TeamTrump #Deplorable #BasketofDeplorables #Patriot #US #USA #ProudDeplorable #TrumpPence16… https://t.co/LLZ6cRdEPC	0
#SaudiArabia BRAGS about giving #HillaryClinton approx. 20% of campaign funding: open admission of illegal contribu… https://t.co/EuBTO00vjc	0
@theblaze a Jewish Muslim see where that would get you in	1
@doublejab07 @rwesprince @mikeychillinit #CrookedHillary still evil. #CNN lies ongoing. Random hike? Bullshit conti… https://t.co/fqYU5M2Zbu	0
@realDonaldTrump Please repeal Obama exe order on DACA,. Stop birthrght citizenship &amp; visa lottery. Many not assimilating, even citizens.	0
"I want @POTUS to admit #NoSyrianRefugees and keep Nevada and our allies safe!
https://t.co/BBALMzlWhl"	1
So, there will be wall on Mexican border. And Canadian as well. Guess which way...	1
@oreillyfactor get a grip people! Yes its a ban on terrorism prone countries, sorry if that envelopes massive Muslim numbers, unavoidable	1
#msm #cnn your killing me! How is a birth certificate racist? It's a legal issue!! Stop trying to throw race into this.	0
Oh the places we have been...and the places we will go! ❤to Paris, Amsterdam, and the Vatican… https://t.co/gslahWCnFZ	0
@Dave_Barabas @HillaryClinton build that wall #TrumpPence16	1
@CNNTonight @donlemon However,  those allowed to stay will continue in their illegal status. No amnesty, no transition to legal status	1
history on the interesting side new Domstnd article on the reform bill 1867 #britpoli #history #conservativeParty https://t.co/CJyyBEqFlN	0
@shafpatel @realDonaldTrump he did not attack muslim men, unless your calming the radicals muslims	0
For all my military brethren Bobo Fett Jason Reid Josh Sharp tell your buddies PCSing https://t.co/J2d74K0vZS	0
This #vacation home has the most gorgeous front entry built by #harkeyconstruction! https://t.co/NuXWJaPOuH	0
Trump attacks CNN for reporting on his false voter fraud claims https://t.co/FpOSWMvsm0 by #jaketapper via @c0nvey	0
Justice Dept Tweets About CNN and Melania Trump In Huge Social Media Fail https://t.co/49T3fxDxUq	0
Google Announce Support For Race Baiting and Cop Killing #BlackLivesMatter: 'We Need Racial Justice Now' - Breitbart https://t.co/iTCgJmpZ40	0
#justarrived @legalfutures #LFconf #future of #legal hosted by @RBS https://t.co/hlCZUI66lc	0
@Hectorisfunny I know that Muslims are in USA but I'm talking about the refugees that are on a crime wave in Europe right now.	1
Brave Vladimir Putin tears into a CNN journalist Fareed Zakria and warns that the election will be stolen from Trump	0
Obama Administration Is Quietly Delaying Thousands of Deportation Cases - https://t.co/WysK62IqiH #Fraud #obama  https://t.co/35owME8KZz	1
@mlcalderone @JeffZuckerCNN So CNN appoints hecklers like Stelter as talking heads?	0
@Gothamist LEGAL, LEGAL, LEGAL, LEGAL, LEGAL, U keep leaving out the MOST IMPORTANT WORD regarding immigration. False propaganda by the left	1
@HuffingtonPost    Illegal guns used by criminals?   Or normal citizens who acquired there gun legally.	0
"@VicenteFoxQue @realDonaldTrump U wonder why we build wall? Maybe you shud've stopped the drug flow when u had opp!
https://t.co/DPQilbD7oA"	1
"@cnn @CNNPolitics is a joke. Can't watch speechgate anymore. Talk about silly deflection. ""This is about the truth"", BS. #cnn hypocrites"	0
@LindaSuhler #BasketOfDeplorables #TrumpPence16  WW2 survivor tells all about Hillary Be Afraid! https://t.co/k0xvqWhn0P	0
@RealAlexJones @Rambobiggs This sums up CNN perfectly https://t.co/2MX57xLfPw	0
@Mediaite @tommyxtopher I hope all liberals open there eyes today &amp; relax we have to protect borders &amp; r citizens.	1
@MonaAmbegaonkar it is a ban on illegal immigrants/refugees (majority of whom are muslims). Get yr facts right @realDonaldTrump	1
Today's 5pm EST show (6/29) streaming on @660WORL - #BenghaziReport, the #TurkeyAttack, and #Turkish #PrimeMinister remarks versus #POTUS	0
@zeta12364 @NBCNews if it was a muslim ban all muslim countries would be on that list but they're not...	1
@js_heck @sparksburns @U_Got_Trumped @WineGuyVenice @Crowdifornia @WhoWolfe @AlanBigalblack2 @PCisCrazy @CASuperrunner Thank you!	0
@realDonaldTrump When we build the wall I am your guy to help in anyway you need help.I am a Fabricator over 30 years	1
@SenateDems You allow diseased moslems and illegal Mexicans to kill Americans. Get your priorities straight, you communist-democrat fools.	1
Congressman makes patently false claim about refugees https://t.co/6i4rcjyES4 by #oreillyfactor via @c0nvey	1
@BryanLowry3 FY16 was only year of reduced preservation $. Spent $323.2 million. FY12 to FY15 was between $334.3 and $395.2 million per yr.	0
❤️👑❤️👌❤️👑❤️#HAPPY #SUMMER #LOVEOFMYLIFE ❤️👑❤️👌❤️👑❤️ @ Paris, France https://t.co/KJKX7lxXJA	0
@JeSuisAnys @P0TUSTrump Even though it looks like shit on her, we shouldn't focus on that. We should focus on her crimes against Americans.	0
"@Veteran4Trump @realDonaldTrump I think veterans ""benefits"" should be replaced with ""entitlements"". Welfare bunnies shouldn't be entitled."	0
@slack2thefuture @persnikkidi it isn't a Muslim ban.	1
@realDonaldTrump @yvonnemacmilla1 Stay strong and tough with your #immigrationban. Dont worry about the Dems-they r trying to distract you.😉	1
@Digital_Tricks wowbox  install  karain  aur  telenor  pe paen  rozana 20 mb free	0
@TrumpPenceWH @amyschumer Canada just built a wall!	1
Since when did those people become less valuable than muslim migrants? https://t.co/Q5PWznyaYk #USA #Vets #MuslimBan	1
@WayneDupreeShow Geno's over Pat's. Guess I can put that in the + column.	0
